{"mean":{"confidence_interval":{"confidence_level":0.95,"lower_bound":0.0728081182223958,"upper_bound":0.12464388714049335},"point_estimate":0.09652472104892151,"standard_error":0.013256464953615635},"median":{"confidence_interval":{"confidence_level":0.95,"lower_bound":0.015184933965566305,"upper_bound":0.15550481091673918},"point_estimate":0.027685399090296103,"standard_error":0.04776628818754329}}