{"mean":{"confidence_interval":{"confidence_level":0.95,"lower_bound":-0.0027022241820814307,"upper_bound":-0.000458327548448941},"point_estimate":-0.0016245267808001618,"standard_error":0.0005734557052439218},"median":{"confidence_interval":{"confidence_level":0.95,"lower_bound":-0.0004375417734195919,"upper_bound":0.00002092047151402987},"point_estimate":-0.000017896918595217137,"standard_error":0.00009174102628009534}}