{"mean":{"confidence_interval":{"confidence_level":0.95,"lower_bound":26274406.10525,"upper_bound":27444039.84075},"point_estimate":26847840.135,"standard_error":297305.4637022692},"median":{"confidence_interval":{"confidence_level":0.95,"lower_bound":24604244.5,"upper_bound":28053735.75},"point_estimate":24947840.25,"standard_error":1157912.6262951593},"median_abs_dev":{"confidence_interval":{"confidence_level":0.95,"lower_bound":832163.7207761407,"upper_bound":5234342.18737185},"point_estimate":1529077.258953452,"standard_error":1357121.4485504893},"slope":null,"std_dev":{"confidence_interval":{"confidence_level":0.95,"lower_bound":2602541.0385475024,"upper_bound":3276626.41785769},"point_estimate":2981542.449532818,"standard_error":172992.3724816522}}